React_1_name,React_1_mass,React_1_vol
"1-[(tert-butoxy)carbonyl]-4,4-difluoropyrrolidine-2-carboxylic acid",7.360198217545281,0.036640226320246654
"3-Hydroxyphenylacetic acid, 99+%",115.66269038424268,0.9508772666887333
"3-Methoxyphenylacetic acid, 99.5%",300.82916015641723,2.2644205113387623
3-methoxybenzoyl chloride,14.47607958705482,0.1064333364416684
5-chloro-2-methoxybenzoyl chloride,40.29937930586718,0.24696336006781605
5-oxo-1-(1-phenylethyl)pyrrolidine-3-carboxylic acid,14.753483062931862,0.07911386942703637
"m-Tolylacetic acid, 97%",47.76709922931364,0.397878577587643
"o-Tolylacetic acid, 99%",52.81757545350592,0.43994678622168676
